"Date","PM10"
"01/01/2024","45.4016438222484"
"02/01/2024","29.7850208656745"
"03/01/2024","21.8330245702459"
"04/01/2024","11.9869464289953"
"05/01/2024","30.1118319504642"
"06/01/2024","37.9235715129"
"07/01/2024","21.9156001684455"
"08/01/2024","39.2081165776387"
"09/01/2024","53.2594149569999"
"10/01/2024","100.338585925775"
"11/01/2024","52.478688652354"
"12/01/2024","30.6683635258013"
"13/01/2024","21.2388073131819"
"14/01/2024","25.5530922251045"
"15/01/2024","16.0507017273871"
"16/01/2024","25.0485198614713"
"17/01/2024","45.9418605871639"
"18/01/2024","36.2423771904104"
"19/01/2024","36.5570444026884"
"20/01/2024","19.3407530346755"
"21/01/2024","40.7271061921592"
"22/01/2024","44.7447639437126"
"23/01/2024","24.4489440973434"
"24/01/2024","23.8537266123319"
"25/01/2024","10.3303074506041"
"26/01/2024","33.1585221535573"
"27/01/2024","17.1269137338846"
"28/01/2024","42.0488719881504"
"29/01/2024","48.7581659825662"
"30/01/2024","56.278094254679"
"31/01/2024","44.3510651721044"
"01/02/2024","37.8842490339793"
"02/02/2024","27.94669387602"
"03/02/2024","13.0873990563729"
"04/02/2024","10.4767422017886"
"05/02/2024","6.97816606596031"
"06/02/2024","12.1126332950317"
"07/02/2024","13.2958512195022"
"08/02/2024","30.4411174630863"
"09/02/2024","37.6870676483262"
"10/02/2024","45.2916556515732"
"11/02/2024","36.582088598155"
"12/02/2024","28.6341018586601"
"13/02/2024","32.5853584244448"
"14/02/2024","44.4825533825931"
"15/02/2024","49.8152161698864"
"16/02/2024","49.9999530833028"
"17/02/2024","40.6070795935625"
"18/02/2024","26.6747534671881"
"19/02/2024","33.5064185101569"
"20/02/2024","-"
"21/02/2024","30.5749094497522"
"22/02/2024","34.9536356792552"
"23/02/2024","32.117151988725"
"24/02/2024","29.0161084469971"
"25/02/2024","41.5201320993261"
"26/02/2024","43.3388071502662"
"27/02/2024","52.9560034435799"
"28/02/2024","57.0649667566441"
"29/02/2024","42.445836449619"
"01/03/2024","52.5370311452416"
"02/03/2024","50.4164808307067"
"03/03/2024","34.2646975486262"
"04/03/2024","46.0232783781099"
"05/03/2024","35.9840264038552"
"06/03/2024","33.7205141766184"
"07/03/2024","-"
"08/03/2024","-"
"09/03/2024","43.3069886559458"
"10/03/2024","28.9364269700487"
"11/03/2024","29.3456495011907"
"12/03/2024","33.4380458415614"
"13/03/2024","32.8639777625541"
"14/03/2024","44.5773876437384"
"15/03/2024","41.8468464925653"
"16/03/2024","38.9764777271478"
"17/03/2024","17.3127476484537"
"18/03/2024","24.9659859604027"
"19/03/2024","29.2426233971249"
"20/03/2024","44.2202168620937"
"21/03/2024","58.326705869661"
"22/03/2024","43.3992168248124"
"23/03/2024","28.8322539821087"
"24/03/2024","26.0320960120475"
"25/03/2024","30.3308494991742"
"26/03/2024","31.6069388720249"
"27/03/2024","28.5871316856039"
"28/03/2024","33.4907551968527"
"29/03/2024","26.3757071232623"
"30/03/2024","60.447131073224"
"31/03/2024","68.6064675437435"
"01/04/2024","79.9394638560848"
"02/04/2024","20.1411581720347"
"03/04/2024","11.725358100128"
"04/04/2024","28.4091524451485"
"05/04/2024","26.9160180036235"
"06/04/2024","28.0678796051388"
"07/04/2024","33.7335004671578"
"08/04/2024","36.4519083842721"
"09/04/2024","35.1956495506241"
"10/04/2024","31.7593901878414"
"11/04/2024","35.155549173031"
"12/04/2024","39.9436186533556"
"13/04/2024","29.3693834268156"
"14/04/2024","28.5189062642734"
"15/04/2024","32.792757110722"
"16/04/2024","23.4695758742853"
"17/04/2024","25.881486699385"
"18/04/2024","27.9407954782791"
"19/04/2024","21.7042636425304"
"20/04/2024","25.3810886160444"
"21/04/2024","27.6361573841112"
"22/04/2024","28.375338060966"
"23/04/2024","22.0860396089242"
"24/04/2024","32.9814853618943"
"25/04/2024","28.8368536660089"
"26/04/2024","33.0761566677475"
"27/04/2024","30.4265772503946"
"28/04/2024","28.7964801552105"
"29/04/2024","28.1792157225912"
"30/04/2024","27.8649389467839"
"01/05/2024","18.43"
"02/05/2024","18.73"
"03/05/2024","18.35"
"04/05/2024","23.89"
"05/05/2024","21.66"
"06/05/2024","12.74"
"07/05/2024","13.65"
"08/05/2024","12.97"
"09/05/2024","16.38"
"10/05/2024","24.49"
"11/05/2024","14.85"
"12/05/2024","11.06"
"13/05/2024","15.56"
"14/05/2024","17.1"
"15/05/2024","22.01"
"16/05/2024","20.82"
"17/05/2024","20.54"
"18/05/2024","12.87"
"19/05/2024","13.33"
"20/05/2024","17.38"
"21/05/2024","19.85"
"22/05/2024","21.3"
"23/05/2024","15.25"
"24/05/2024","19.7"
"25/05/2024","15.08"
"26/05/2024","14.03"
"27/05/2024","21.42"
"28/05/2024","23.22"
"29/05/2024","23.07"
"30/05/2024","21.49"
"31/05/2024","20.28"
"01/06/2024","13.34"
"02/06/2024","10.81"
"03/06/2024","20.14"
"04/06/2024","12.92"
"05/06/2024","21.98"
"06/06/2024","18.66"
"07/06/2024","15.01"
"08/06/2024","18.57"
"09/06/2024","18.51"
"10/06/2024","23.28"
"11/06/2024","23.05"
"12/06/2024","16.88"
"13/06/2024","16.41"
"14/06/2024","16.61"
"15/06/2024","16.39"
"16/06/2024","18.68"
"17/06/2024","14.57"
"18/06/2024","19.88"
"19/06/2024","22.16"
"20/06/2024","12.06"
"21/06/2024","26.75"
"22/06/2024","17.7"
"23/06/2024","14.76"
"24/06/2024","13.92"
"25/06/2024","16.8"
"26/06/2024","23.62"
"27/06/2024","26.42"
"28/06/2024","25.44"
"29/06/2024","26.31"
"30/06/2024","24.58"
"01/07/2024","18.16"
"02/07/2024","15.07"
"03/07/2024","15.26"
"04/07/2024","12.48"
"05/07/2024","13.03"
"06/07/2024","15.61"
"07/07/2024","12.7"
"08/07/2024","20.21"
"09/07/2024","25.94"
"10/07/2024","35.08"
"11/07/2024","26.37"
"12/07/2024","29.14"
"13/07/2024","14.26"
"14/07/2024","12.88"
"15/07/2024","21.01"
"16/07/2024","22.49"
"17/07/2024","21.07"
"18/07/2024","15.58"
"19/07/2024","19.76"
"20/07/2024","19.85"
"21/07/2024","20.67"
"22/07/2024","22.5"
"23/07/2024","14.76"
"24/07/2024","16.04"
"25/07/2024","13.08"
"26/07/2024","19.74"
"27/07/2024","21.12"
"28/07/2024","16.11"
"29/07/2024","12.87"
"30/07/2024","17.03"
"31/07/2024","24.51"
"01/08/2024","24.35"
"02/08/2024","23.38"
"03/08/2024","11.29"
"04/08/2024","14.12"
"05/08/2024","12.51"
"06/08/2024","12.76"
"07/08/2024","19.95"
"08/08/2024","20.41"
"09/08/2024","16.99"
"10/08/2024","21.15"
"11/08/2024","18.09"
"12/08/2024","18.07"
"13/08/2024","20.44"
"14/08/2024","20.48"
"15/08/2024","23.57"
"16/08/2024","29.29"
"17/08/2024","20.63"
"18/08/2024","16.7"
"19/08/2024","14.32"
"20/08/2024","15.86"
"21/08/2024","18.86"
"22/08/2024","19.12"
"23/08/2024","21.1"
"24/08/2024","25.73"
"25/08/2024","20.26"
"26/08/2024","12.48"
"27/08/2024","20.52"
"28/08/2024","27.88"
"29/08/2024","34.12"
"30/08/2024","36.76"
"31/08/2024","32.69"
"01/09/2024","17.06"
"02/09/2024","28.45"
"03/09/2024","35.11"
"04/09/2024","42.17"
"05/09/2024","36.8"
"06/09/2024","36.55"
"07/09/2024","26.37"
"08/09/2024","25.57"
"09/09/2024","25.57"
"10/09/2024","13.15"
"11/09/2024","17.81"
"12/09/2024","19.66"
"13/09/2024","13.28"
"14/09/2024","11.38"
"15/09/2024","8.69"
"16/09/2024","30.06"
"17/09/2024","47.02"
"18/09/2024","38.84"
"19/09/2024","33.7"
"20/09/2024","35.52"
"21/09/2024","34.88"
"22/09/2024","40.06"
"23/09/2024","30.59"
"24/09/2024","30.42"
"25/09/2024","-"
"26/09/2024","-"
"27/09/2024","11.15"
"28/09/2024","10.23"
"29/09/2024","10.47"
"30/09/2024","14.8"
"01/10/2024","20.07"
"02/10/2024","20.59"
"03/10/2024","18.45"
"04/10/2024","20.81"
"05/10/2024","7.73"
"06/10/2024","12.92"
"07/10/2024","24.48"
"08/10/2024","22.6"
"09/10/2024","31.81"
"10/10/2024","17.98"
"11/10/2024","13.43"
"12/10/2024","21.75"
"13/10/2024","16.79"
"14/10/2024","18.21"
"15/10/2024","32.31"
"16/10/2024","30.6"
"17/10/2024","17.85"
"18/10/2024","20.39"
"19/10/2024","19.65"
"20/10/2024","30.85"
"21/10/2024","42.14"
"22/10/2024","44.12"
"23/10/2024","26.02"
"24/10/2024","36.77"
"25/10/2024","44.78"
"26/10/2024","42.44"
"27/10/2024","41.41"
"28/10/2024","27.58"
"29/10/2024","29.45"
"30/10/2024","33.73"
"31/10/2024","19.77"
"01/11/2024","15.53"
"02/11/2024","17.18"
"03/11/2024","31.71"
"04/11/2024","24"
"05/11/2024","27.87"
"06/11/2024","41"
"07/11/2024","83.32"
"08/11/2024","39.61"
"09/11/2024","33.77"
"10/11/2024","34.23"
"11/11/2024","46.94"
"12/11/2024","36.27"
"13/11/2024","26.82"
"14/11/2024","21.16"
"15/11/2024","22.21"
"16/11/2024","41.66"
"17/11/2024","37.58"
"18/11/2024","10.52"
"19/11/2024","18.75"
"20/11/2024","11.87"
"21/11/2024","13.38"
"22/11/2024","23.82"
"23/11/2024","18.44"
"24/11/2024","32.34"
"25/11/2024","42.63"
"26/11/2024","41.25"
"27/11/2024","31.03"
"28/11/2024","28.02"
"29/11/2024","9.03"
"30/11/2024","22.22"
"01/12/2024","27.42"
"02/12/2024","39.25"
"03/12/2024","54.45"
"04/12/2024","45.7"
"05/12/2024","60.7"
"06/12/2024","32.57"
"07/12/2024","20.68"
"08/12/2024","27.9"
"09/12/2024","14.34"
"10/12/2024","8.3"
"11/12/2024","22.79"
"12/12/2024","27.27"
"13/12/2024","34.24"
"14/12/2024","32.8"
"15/12/2024","13.8"
"16/12/2024","5.38"
"17/12/2024","8.21"
"18/12/2024","24.57"
"19/12/2024","53.13"
"20/12/2024","15.22"
"21/12/2024","25.99"
"22/12/2024","15.44"
"23/12/2024","19.24"
"24/12/2024","16.61"
"25/12/2024","13.4"
"26/12/2024","35.8"
"27/12/2024","51.7"
"28/12/2024","48.29"
"29/12/2024","65.21"
"30/12/2024","59.55"
"31/12/2024","53.86"
